<?xml version="1.0" encoding="UTF-8"?>
<project-private xmlns="http://www.netbeans.org/ns/project-private/1">
    <editor-bookmarks xmlns="http://www.netbeans.org/ns/editor-bookmarks/2" lastBookmarkId="0"/>
    <open-files xmlns="http://www.netbeans.org/ns/projectui-open-files/2">
        <group>
            <file>file:/C:/Users/Jorge%20Juan/Documents/NetBeansProjects/SimulacroExamen/src/simulacroexamen/Avion.java</file>
            <file>file:/C:/Users/Jorge%20Juan/Documents/NetBeansProjects/SimulacroExamen/src/simulacroexamen/Aula.java</file>
            <file>file:/C:/Users/Jorge%20Juan/Documents/NetBeansProjects/SimulacroExamen/src/simulacroexamen/Tren.java</file>
            <file>file:/C:/Users/Jorge%20Juan/Documents/NetBeansProjects/SimulacroExamen/src/simulacroexamen/SimulacroExamen.java</file>
            <file>file:/C:/Users/Jorge%20Juan/Documents/NetBeansProjects/SimulacroExamen/src/simulacroexamen/Coche.java</file>
            <file>file:/C:/Users/Jorge%20Juan/Documents/NetBeansProjects/SimulacroExamen/src/simulacroexamen/Volador.java</file>
            <file>file:/C:/Users/Jorge%20Juan/Documents/NetBeansProjects/SimulacroExamen/src/simulacroexamen/Vehiculo.java</file>
            <file>file:/C:/Users/Jorge%20Juan/Documents/NetBeansProjects/SimulacroExamen/src/simulacroexamen/Alumno.java</file>
        </group>
    </open-files>
</project-private>
